t_us,current_A,pwmCmd,encCount,rpm,filtered_A
7284737,-0.0564,0,0.00,0.00,-0.0248
7334737,0.0088,0,0.00,0.00,-0.0101
7384737,-0.1052,0,0.00,0.00,-0.0236
7434737,0.0413,0,0.00,0.00,0.0154
7484737,-0.0075,0,0.00,0.00,0.0019
7534737,0.0088,0,0.00,0.00,0.0154
7584737,-0.0726,0,0.00,0.00,-0.0234
7634737,0.0250,0,0.00,0.00,0.0127
7684737,0.0413,0,0.00,0.00,0.0482
7734737,0.0576,0,0.00,0.00,0.0311
7784737,0.1064,0,0.00,0.00,0.0263
7834737,-0.1378,0,0.00,0.00,-0.0159
7884737,0.0576,0,0.00,0.00,0.0082
7934737,-0.0075,0,0.00,0.00,0.0328
7984737,-0.1540,0,0.00,0.00,-0.0406
8034737,0.0902,0,0.00,0.00,0.0487
8084737,-0.0401,0,0.00,0.00,-0.0282
8134737,-0.0238,0,0.00,0.00,-0.0045
8184737,-0.0075,0,0.00,0.00,0.0034
8234737,-0.0075,0,0.00,0.00,-0.0138
8284737,0.0413,0,0.00,0.00,-0.0185
8334737,-0.0401,0,0.00,0.00,-0.0036
8384737,-0.0075,0,0.00,0.00,0.0179
8434737,-0.0238,0,0.00,0.00,0.0136
8484737,-0.0238,0,0.00,0.00,-0.0053
8534737,-0.1215,0,0.00,0.00,-0.0588
8584737,-0.0238,0,0.00,0.00,0.0110
8634737,-0.0564,0,0.00,0.00,-0.0376
8684737,-0.0726,0,0.00,0.00,-0.0405
8734737,0.0250,0,0.00,0.00,0.0262
8784737,-0.0401,0,0.00,0.00,0.0156
8834737,-0.0075,0,0.00,0.00,-0.0106
8884737,-0.0726,0,0.00,0.00,-0.0049
8934737,0.1227,0,0.00,0.00,0.0173
8984737,0.0088,0,0.00,0.00,0.0198
9034737,-0.0401,0,0.00,0.00,-0.0217
9084737,0.0576,0,0.00,0.00,0.0032
9134737,0.1064,0,0.00,0.00,0.0194
9184737,0.0088,0,0.00,0.00,-0.0094
9234737,-0.1378,0,0.00,0.00,-0.0489
9284737,0.0413,0,0.00,0.00,0.0256
9334737,0.0413,0,0.00,0.00,0.0114
9384737,-0.0075,0,0.00,0.00,0.0058
9434737,0.0902,0,0.00,0.00,0.0499
9484737,0.1064,0,0.00,0.00,0.0222
9534737,-0.0075,0,0.00,0.00,-0.0192
9584737,-0.0075,0,0.00,0.00,0.0059
9634737,-0.1540,0,0.00,0.00,-0.0643
9684737,-0.0401,0,0.00,0.00,-0.0096
9734737,-0.0889,0,0.00,0.00,-0.0300
9784737,0.8553,700,0.04,16.84,0.8150
9834737,0.6111,700,0.13,16.84,0.5364
9884737,0.5297,700,0.22,16.84,0.4635
9934737,0.4158,700,0.30,16.84,0.3844
9984737,0.5134,700,0.39,16.84,0.4898
10034737,0.6762,700,0.48,16.84,0.5714
10084737,0.6600,700,0.56,16.84,0.6297
10134737,0.5623,700,0.65,16.84,0.5509
10184737,0.5786,700,0.74,16.84,0.5662
10234737,0.7251,700,0.82,16.84,0.6271
10284737,0.7739,700,0.91,16.84,0.7519
10334737,0.6600,700,1.00,16.84,0.6482
10384737,0.5948,700,1.08,16.84,0.6951
10434737,0.6274,700,1.17,16.84,0.6246
10484737,0.4483,700,1.26,16.84,0.4584
10534737,0.4320,700,1.34,16.84,0.4955
10584737,0.3344,700,1.43,16.84,0.4212
10634737,0.3506,700,1.52,16.84,0.4144
10684737,0.3995,700,1.60,16.84,0.3378
10734737,0.5134,700,1.69,16.84,0.3848
10784737,0.3181,700,1.78,16.84,0.3553
10834737,0.5948,700,1.87,16.84,0.4692
10884737,0.6437,700,1.96,16.84,0.5806
10934737,0.7414,700,2.04,16.84,0.6783
10984737,0.6274,700,2.13,16.84,0.6297
11034737,0.6437,700,2.22,16.84,0.6157
11084737,0.6762,700,2.31,16.84,0.6720
11134737,0.6274,700,2.39,16.84,0.6633
11184737,0.3832,700,2.48,16.84,0.4934
11234737,0.4158,700,2.57,16.84,0.4593
11284737,0.3669,700,2.65,16.84,0.3857
11334737,0.3669,700,2.74,16.84,0.3415
11384737,0.3669,700,2.83,16.84,0.3492
11434737,0.4483,700,2.92,16.84,0.4096
11484737,0.6925,700,3.00,16.84,0.5921
11534737,0.6274,700,3.09,16.84,0.5621
11584737,0.7576,700,3.18,16.84,0.6495
11634737,0.6437,700,3.27,16.84,0.6134
11684737,0.6111,700,3.36,16.84,0.6539
11734737,0.5623,700,3.44,16.84,0.6654
11784740,0.3995,700,3.53,16.84,0.5131
11834737,0.5134,700,3.62,16.84,0.5420
11884737,0.3344,700,3.70,16.84,0.3939
11934737,0.5460,700,3.79,16.84,0.4416
11984737,0.3181,700,3.88,16.84,0.3591
12034737,0.4809,700,3.96,12.63,0.4163
12084737,0.5297,700,4.05,16.84,0.4959
12134737,0.8065,700,4.14,16.84,0.7061
12184737,0.6437,700,4.23,16.84,0.6171
12234737,0.6274,700,4.32,16.84,0.6295
12284737,0.5623,1400,4.46,33.68,0.6657
12334737,0.9856,1400,4.65,37.89,0.7838
12384737,0.5623,1400,4.85,37.89,0.4842
12434737,0.5948,1400,5.04,37.89,0.7308
12484737,0.8553,1400,5.23,37.89,0.7482
12534737,0.3506,1400,5.42,37.89,0.4538
12584737,0.6274,1400,5.62,37.89,0.6812
12634737,0.6600,1400,5.81,33.68,0.6494
12684737,0.4158,1400,6.00,33.68,0.5851
12734737,0.5786,1400,6.20,37.89,0.7484
12784737,0.7414,1400,0.11,37.89,0.5645
12834737,0.4646,1400,0.30,37.89,0.5230
12884737,0.8228,1400,0.49,33.68,0.7828
12934737,0.6274,1400,0.68,37.89,0.5433
12984737,0.3832,1400,0.88,37.89,0.5931
13034737,0.9530,1400,1.07,37.89,0.8560
13084737,0.6762,1400,1.27,37.89,0.5250
13134737,0.3832,1400,1.46,37.89,0.5494
13184737,0.8065,1400,1.65,33.68,0.6892
13234737,0.4809,1400,1.84,33.68,0.5217
13284737,0.5297,1400,2.04,37.89,0.6842
13334737,0.8716,1400,2.23,37.89,0.7839
13384737,0.5786,1400,2.43,37.89,0.5418
13434737,0.3669,1400,2.62,37.89,0.5893
13484737,0.8553,1400,2.81,37.89,0.7481
13534737,0.3995,1400,3.01,37.89,0.4631
13584737,0.5786,1400,3.20,33.68,0.6655
13634737,0.9367,1400,3.39,37.89,0.8018
13684737,0.6274,1400,3.58,37.89,0.5205
13734737,0.5134,1400,3.78,37.89,0.6416
13784737,0.8065,1400,3.97,37.89,0.6998
13834737,0.4483,1400,4.17,37.89,0.5182
13884737,0.4320,1400,4.36,33.68,0.6433
13934737,0.9204,1400,4.55,33.68,0.7055
13984737,0.5297,1400,4.74,37.89,0.5139
14034737,0.5460,1400,4.94,37.89,0.7176
14084737,0.7576,1400,5.13,37.89,0.6632
14134737,0.5786,1400,5.33,37.89,0.5490
14184737,0.5786,1400,5.52,37.89,0.7291
14234737,0.8553,1400,5.71,37.89,0.7690
14284737,0.5623,1400,5.91,37.89,0.4633
14334737,0.4972,1400,6.10,42.11,0.6168
14384737,0.8228,1400,0.01,37.89,0.7518
14434737,0.5297,1400,0.20,37.89,0.4977
14484737,0.5297,1400,0.40,37.89,0.6394
14534737,1.0995,1400,0.59,37.89,0.9095
14584737,0.5948,1400,0.78,37.89,0.5362
14634737,0.4158,1400,0.98,37.89,0.5303
14684737,0.8390,1400,1.17,37.89,0.7325
14734737,0.6925,1400,1.36,33.68,0.6096
14784737,1.0995,2100,1.61,54.74,1.0332
14834737,0.9693,2100,1.91,54.74,0.8106
14884737,0.7414,2100,2.21,58.95,0.9231
14934737,0.4320,2100,2.51,54.74,0.7534
14984737,0.9042,2100,2.81,58.95,0.7745
15034737,1.0181,2100,3.11,58.95,0.9145
15084737,0.7739,2100,3.41,58.95,0.9306
15134737,0.6600,2100,3.71,58.95,0.7720
15184737,0.8065,2100,4.01,58.95,0.7166
15234737,0.9042,2100,4.31,58.95,0.9399
15284737,0.5623,2100,4.61,58.95,0.8152
15334737,0.7576,2100,4.91,58.95,0.6899
15384737,1.0181,2100,5.21,58.95,0.8623
15434737,0.8065,2100,5.51,58.95,0.9344
15484737,0.6274,2100,5.81,58.95,0.8284
15534737,0.7739,2100,6.11,58.95,0.7461
15584737,1.0832,2100,0.12,58.95,0.9381
15634737,0.5460,2100,0.42,58.95,0.7933
15684737,0.8228,2100,0.72,58.95,0.7276
15734737,1.0181,2100,1.02,58.95,0.8367
15784737,0.7902,2100,1.32,58.95,0.9926
15834737,0.6925,2100,1.62,58.95,0.7712
15884737,0.9856,2100,1.92,58.95,0.7895
15934737,0.8065,2100,2.22,58.95,0.8932
15984737,0.4972,2100,2.52,58.95,0.7612
16034737,0.9204,2100,2.82,58.95,0.8090
16084737,1.1972,2100,3.12,54.74,0.9532
16134737,0.7902,2100,3.42,54.74,0.9217
16184737,0.8228,2100,3.72,54.74,0.7899
16234737,0.9693,2100,4.02,54.74,0.7931
16284737,0.8716,2100,4.32,54.74,0.9076
16334737,0.7088,2100,4.62,54.74,0.7318
16384737,1.0670,2100,4.93,58.95,0.9010
16434737,0.8390,2100,5.22,54.74,0.9839
16484737,0.4809,2100,5.52,58.95,0.7608
16534737,0.8716,2100,5.82,58.95,0.7866
16584737,1.0670,2100,6.12,58.95,0.9117
16634737,0.5948,2100,0.14,58.95,0.7535
16684737,0.8390,2100,0.44,58.95,0.7534
16734737,1.1972,2100,0.74,58.95,0.9553
16784737,0.7739,2100,1.04,58.95,0.9081
16834737,0.5623,2100,1.34,58.95,0.7866
16884737,0.9204,2100,1.64,58.95,0.7944
16934737,1.2949,2100,1.94,58.95,0.9798
16984737,0.5786,2100,2.24,58.95,0.7996
17034737,0.7251,2100,2.54,58.95,0.7178
17084737,1.0832,2100,2.84,58.95,0.8961
17134737,0.8716,2100,3.13,54.74,0.9649
17184737,0.5623,2100,3.44,58.95,0.7933
17234737,1.0181,2100,3.73,54.74,0.8336
17284737,0.7902,2800,4.09,75.79,1.1444
17334737,1.2298,2800,4.49,75.79,1.0173
17384737,1.0832,2800,4.90,75.79,0.8900
17434737,1.2135,2800,5.31,80.00,0.9510
17484737,0.9367,2800,5.71,80.00,0.8214
17534737,0.8065,2800,6.12,80.00,0.8123
17584737,0.7576,2800,0.24,75.79,0.8548
17634737,0.5786,2800,0.65,75.79,0.7711
17684737,0.6925,2800,1.05,75.79,0.8738
17734737,0.6111,2800,1.46,80.00,0.8603
17784737,0.9530,2800,1.87,80.00,1.0568
17834737,1.0832,2800,2.28,80.00,0.9823
17884737,1.1646,2800,2.68,75.79,1.0153
17934737,1.0344,2800,3.09,75.79,0.8822
17984737,1.0670,2800,3.49,75.79,0.8402
18034737,0.9693,2800,3.90,75.79,0.8679
18084737,0.8879,2800,4.30,75.79,0.8001
18134737,0.8716,2800,4.71,80.00,0.8844
18184737,0.6762,2800,5.12,80.00,0.7727
18234737,0.6111,2800,5.52,80.00,0.8700
18284737,0.7251,2800,5.93,80.00,0.8723
18334737,1.1321,2800,0.05,80.00,1.0290
18384737,1.1484,2800,0.46,75.79,0.9831
18434737,1.1972,2800,0.86,75.79,0.9638
18484737,0.9856,2800,1.27,75.79,0.9246
18534737,0.8228,2800,1.68,80.00,0.7648
18584737,0.6762,2800,2.09,80.00,0.7412
18634737,0.9042,2800,2.49,80.00,0.8056
18684737,0.6437,2800,2.90,75.79,0.8590
18734737,0.5623,2800,3.30,75.79,0.8518
18784737,0.7739,2800,3.71,75.79,0.9196
18834737,0.7739,2800,4.11,75.79,0.9337
18884737,0.9367,2800,4.52,75.79,0.9565
18934737,1.1646,2800,4.93,80.00,0.9293
18984737,1.2460,2800,5.34,80.00,1.0244
19034737,1.0832,2800,5.74,75.79,0.9232
19084737,1.1484,2800,6.15,75.79,0.9177
19134737,0.8228,2800,0.27,80.00,0.7942
19184737,0.6274,2800,0.68,80.00,0.6937
19234737,0.9042,2800,1.08,80.00,0.8839
19284737,0.6111,2800,1.49,75.81,0.7901
19334737,0.8228,2800,1.90,75.79,0.9619
19384737,0.7088,2800,2.30,75.79,0.9061
19434737,0.8553,2800,2.71,75.79,0.9609
19484737,0.8716,2800,3.11,75.79,0.8904
19534737,1.2623,2800,3.52,80.00,0.9789
19584737,1.2135,2800,3.93,80.00,0.9423
19634737,1.0344,2800,4.33,75.79,0.8735
19684737,0.9693,2800,4.74,75.79,0.9006
19734737,0.9042,2800,5.15,75.79,0.8145
19784737,1.2135,3500,5.61,96.84,1.1273
19834737,0.8390,3500,6.12,96.84,0.8455
19884737,0.7414,3500,0.34,96.84,0.6906
19934737,0.6437,3500,0.86,101.05,0.8515
19984737,0.8390,3500,1.37,96.84,0.7412
20034737,0.4809,3500,1.88,96.84,0.7555
20084737,1.1646,3500,2.40,96.84,0.9116
20134737,0.4646,3500,2.91,96.84,0.6819
20184737,1.0344,3500,3.43,101.05,0.8181
20234737,0.7576,3500,3.94,96.84,0.7858
20284737,0.7902,3500,4.45,96.84,0.8906
20334737,0.9693,3500,4.96,96.84,0.7837
20384737,0.5786,3500,5.48,96.84,0.6742
20434737,1.0670,3500,5.99,101.05,0.8882
20484737,0.5623,3500,0.22,96.84,0.7281
20534737,1.0832,3500,0.73,96.84,0.8913
20584737,0.7739,3500,1.25,96.84,0.7498
20634737,0.5786,3500,1.76,101.05,0.8019
20684737,0.8228,3500,2.28,101.05,0.7743
20734737,0.5134,3500,2.79,96.84,0.8153
20784737,1.1809,3500,3.30,96.84,0.8683
20834737,0.5460,3500,3.81,96.84,0.6540
20884737,1.0344,3500,4.33,96.84,0.9197
20934737,0.6274,3500,4.84,101.05,0.7340
20984737,0.7576,3500,5.35,96.84,0.8419
21034738,0.9856,3500,5.87,101.04,0.7918
21084737,0.5134,3500,0.10,96.84,0.7457
21134737,0.9367,3500,0.61,96.84,0.8160
21184737,0.6111,3500,1.12,101.05,0.6993
21234737,0.9204,3500,1.64,96.84,0.9179
21284737,0.9204,3500,2.15,96.84,0.7477
21334737,0.3669,3500,2.66,96.84,0.6456
21384737,1.0995,3500,3.18,101.05,0.9082
21434737,0.7414,3500,3.69,101.05,0.6983
21484737,0.6600,3500,4.21,101.05,0.6618
21534737,0.4483,3500,4.73,96.84,0.6289
21584737,0.5134,3500,5.25,101.05,0.7183
21634737,0.6437,3500,5.76,101.05,0.7857
21684737,0.9856,3500,6.28,96.84,0.8276
21734737,1.0832,3500,0.51,96.84,0.7679
21784737,0.9856,3500,1.03,101.05,0.7897
21834737,0.6111,3500,1.55,101.05,0.5873
21884737,0.5134,3500,2.06,101.05,0.5793
21934737,0.3995,3500,2.58,96.84,0.6381
21984737,0.4483,3500,3.10,96.84,0.6816
22034737,0.9693,3500,3.61,96.84,0.8281
22084737,1.0670,3500,4.13,96.84,0.7856
22134737,0.6111,3500,4.65,101.05,0.6343
22184737,0.7251,3500,5.16,96.84,0.7204
22234737,0.4809,3500,5.68,96.84,0.6735
22284737,1.3600,4095,6.24,113.68,1.0256
22334737,0.9693,4095,0.56,117.89,0.7515
22384737,0.5786,4095,1.17,117.89,0.7078
22434737,0.6762,4095,1.78,117.89,0.6673
22484737,0.9367,4095,2.39,117.89,0.7217
22534737,0.5623,4095,3.00,117.89,0.7022
22584737,0.4972,4095,3.61,113.68,0.5326
22634737,0.8716,4095,4.22,113.68,0.7066
22684737,0.7414,4095,4.82,113.68,0.7658
22734737,0.2692,4095,5.43,113.68,0.5665
22784737,0.8228,4095,6.04,113.68,0.7461
22834737,1.0670,4095,0.37,113.68,0.8874
22884737,0.3181,4095,0.98,117.89,0.5493
22934737,0.6274,4095,1.59,117.89,0.6542
22984737,0.9856,4095,2.20,117.89,0.7128
23034737,0.4158,4095,2.80,117.89,0.6421
23084737,0.4972,4095,3.41,117.89,0.6411
23134737,0.9204,4095,4.02,117.89,0.7588
23184737,1.0181,4095,4.63,117.89,0.8417
23234737,0.5948,4095,5.24,117.89,0.6994
23284739,0.7088,4095,5.85,117.87,0.6314
23334737,0.8553,4095,0.17,117.89,0.7283
23384737,0.5948,4095,0.78,113.68,0.7554
23434737,0.4972,4095,1.38,113.68,0.6200
23484737,0.7739,4095,1.99,113.68,0.7199
23534737,0.8228,4095,2.61,117.89,0.7463
23584737,0.4972,4095,3.21,117.89,0.6100
23634737,0.6111,4095,3.82,117.89,0.6480
23684737,0.9042,4095,4.43,113.68,0.6911
23734737,0.4483,4095,5.04,113.68,0.6843
23784737,0.4972,4095,5.64,113.68,0.6693
23834737,0.7739,4095,6.25,113.68,0.6675
23884737,0.9367,4095,0.58,117.89,0.7622
23934737,0.6437,4095,1.19,117.89,0.7258
23984737,0.4483,4095,1.79,117.89,0.5910
24034737,0.7414,4095,2.40,117.89,0.6723
24084737,0.9530,4095,3.01,117.89,0.7494
24134737,0.3995,4095,3.62,117.89,0.6799
24184737,0.6111,4095,4.23,117.89,0.6883
24234737,1.0670,4095,4.84,117.89,0.7427
24284737,0.7414,4095,5.45,117.89,0.7181
24334737,0.4320,4095,6.05,113.68,0.6528
24384737,0.5134,4095,0.37,113.68,0.5601
24434737,0.7414,4095,0.98,113.68,0.6638
24484737,0.7576,4095,1.59,113.68,0.7759
24534737,0.3995,4095,2.20,113.68,0.6361
24584737,0.7414,4095,2.81,113.68,0.6416
24634737,1.0018,4095,3.42,113.68,0.7457
24684737,0.4483,4095,4.03,113.68,0.6515
24734737,0.5297,4095,4.63,113.68,0.5858
24784737,0.1390,3500,5.20,101.05,0.3805
24834737,0.6437,3500,5.72,101.05,0.7371
24884737,0.5460,3500,6.24,101.05,0.7115
24934737,0.7251,3500,0.47,101.05,0.7911
24984737,1.0018,3500,0.99,101.05,0.8136
25034737,0.7902,3500,1.50,96.84,0.6921
25084737,0.7902,3500,2.02,96.84,0.6804
25134737,0.4646,3500,2.54,96.84,0.6862
25184737,0.5460,3500,3.05,96.84,0.7100
25234737,0.9856,3500,3.57,96.84,0.8271
25284737,0.7739,3500,4.08,96.84,0.6772
25334737,0.6600,3500,4.60,101.05,0.6709
25384737,0.5948,3500,5.12,101.05,0.7268
25434737,0.5297,3500,5.64,101.05,0.7222
25484737,0.7576,3500,6.15,101.05,0.7729
25534737,1.0995,3500,0.38,101.05,0.8549
25584737,0.9856,3500,0.90,96.84,0.7275
25634737,0.8228,3500,1.42,96.84,0.6755
25684737,0.4483,3500,1.94,101.05,0.5829
25734737,0.5623,3500,2.45,101.05,0.6574
25784737,0.4320,3500,2.97,101.05,0.7271
25834737,0.5134,3500,3.48,96.84,0.6868
25884737,0.7739,3500,4.00,101.05,0.7568
25934737,0.9530,3500,4.52,101.05,0.8415
25984737,0.8716,3500,5.04,96.84,0.7613
26034737,0.9204,3500,5.56,101.05,0.7513
26084737,0.6762,3500,6.07,96.87,0.6414
26134742,0.5460,3500,0.31,101.00,0.6330
26184737,0.5623,3500,0.82,101.05,0.7252
26234737,0.5134,3500,1.34,96.87,0.6746
26284737,0.5948,3500,1.86,101.05,0.7205
26334737,0.4320,3500,2.38,96.84,0.6804
26384737,0.4646,3500,2.90,101.05,0.7112
26434737,0.5460,3500,3.41,96.84,0.7709
26484737,0.5623,3500,3.93,101.05,0.7077
26534737,0.5134,3500,4.45,96.84,0.7148
26584737,0.7251,3500,4.96,96.84,0.8223
26634737,0.9693,3500,5.49,101.05,0.8525
26684737,1.1809,3500,6.00,96.84,0.8623
26734737,0.9367,3500,0.23,96.84,0.7607
26784737,0.6925,3500,0.75,96.84,0.6150
26834737,0.6111,3500,1.27,101.05,0.6649
26884737,0.4809,3500,1.79,101.05,0.6685
26934737,0.4646,3500,2.30,96.84,0.6921
26984737,0.6111,3500,2.82,96.84,0.7825
27034737,0.9204,3500,3.34,101.05,0.7498
27084737,1.0181,3500,3.85,96.84,0.8103
27134737,0.7902,3500,4.37,96.84,0.6820
27184737,0.6111,3500,4.89,101.05,0.6738
27234737,0.7576,3500,5.41,101.05,0.7835
27284737,0.3832,2800,5.87,80.00,0.5501
27334737,0.8879,2800,0.00,80.00,0.7203
27384737,1.0670,2800,0.41,80.00,0.9101
27434737,1.0670,2800,0.82,80.00,0.9666
27484737,0.5948,2800,1.23,80.00,0.8462
27534737,0.7088,2800,1.64,80.00,0.8208
27584737,0.8390,2800,2.05,75.79,0.7983
27634737,0.8716,2800,2.46,75.79,0.8283
27684737,1.0995,2800,2.87,75.79,0.8874
27734737,1.2135,2800,3.28,80.00,0.9598
27784737,0.7739,2800,3.69,80.00,0.9122
27834737,0.5460,2800,4.10,80.00,0.6549
27884737,0.7414,2800,4.51,80.00,0.7293
27934737,1.1646,2800,4.92,80.00,0.8695
27984737,1.1158,2800,5.33,80.00,0.9029
28034737,0.8390,2800,5.73,75.79,0.9072
28084737,0.6111,2800,6.15,80.00,0.7450
28134737,0.6111,2800,0.27,75.79,0.6934
28184737,1.0995,2800,0.68,80.00,0.8797
28234737,0.9042,2800,1.09,75.79,0.8422
28284737,0.6600,2800,1.50,75.79,0.8510
28334737,0.6111,2800,1.91,75.79,0.7446
28384737,0.7902,2800,2.32,80.00,0.7956
28434737,1.1158,2800,2.73,75.79,0.8601
28484737,0.9856,2800,3.14,80.00,0.9561
28534737,0.5297,2800,3.55,75.79,0.8206
28584737,0.7088,2800,3.96,80.00,0.6834
28634737,1.0018,2800,4.37,75.79,0.8976
28684737,1.1809,2800,4.78,80.00,0.9479
28734737,0.6274,2800,5.19,75.79,0.8754
28784737,0.5786,2800,5.60,75.79,0.8013
28834737,0.6925,2800,6.01,75.79,0.7134
28884737,0.9042,2800,0.14,80.00,0.8309
28934737,1.0344,2800,0.55,75.79,0.8449
28984737,0.9693,2800,0.96,80.00,0.8702
29034737,0.7576,2800,1.37,80.00,0.9321
29084737,0.5134,2800,1.78,80.00,0.7340
29134737,0.6437,2800,2.19,80.00,0.7394
29184737,1.0670,2800,2.59,75.79,0.8428
29234737,0.9693,2800,3.00,75.79,0.8387
29284737,0.7902,2800,3.41,75.79,0.8935
29334737,0.6111,2800,3.82,75.79,0.7779
29384737,0.5948,2800,4.23,75.79,0.7245
29434737,0.9693,2800,4.64,75.79,0.8051
29484737,1.0344,2800,5.05,75.80,0.8808
29534737,1.0507,2800,5.46,80.00,0.9561
29584737,0.5460,2800,5.87,80.00,0.8086
29634737,0.6600,2800,0.00,80.00,0.7655
29684737,0.6437,2800,0.41,80.00,0.6896
29734737,1.0181,2800,0.82,80.00,0.8899
29784737,0.7414,2100,1.18,58.95,0.5376
29834737,0.7088,2100,1.48,58.95,0.7348
29884737,0.9856,2100,1.79,58.95,0.8784
29934737,0.7251,2100,2.09,54.74,0.7095
29984737,0.9530,2100,2.39,58.95,0.9239
30034737,0.5786,2100,2.69,58.95,0.6507
30084737,1.0018,2100,2.99,58.95,0.9107
30134737,0.6762,2100,3.30,58.95,0.6711
30184737,1.1158,2100,3.60,54.74,0.9934
30234737,0.8065,2100,3.90,58.95,0.7282
30284737,0.7251,2100,4.20,54.74,0.8087
30334737,0.6437,2100,4.51,54.74,0.6306
30384737,1.0670,2100,4.81,58.95,0.9708
30434737,0.6437,2100,5.11,58.95,0.7336
30484737,0.9204,2100,5.41,58.95,0.8277
30534737,0.5786,2100,5.71,54.74,0.6393
30584737,0.9530,2100,6.02,58.95,0.9565
30634737,0.6600,2100,0.04,54.74,0.7413
30684737,0.9693,2100,0.34,58.95,0.8953
30734737,0.6111,2100,0.64,58.95,0.6476
30784737,0.9530,2100,0.94,58.95,0.8045
30834737,0.5786,2100,1.25,58.95,0.7940
30884737,0.9367,2100,1.55,54.74,0.8071
30934737,0.6111,2100,1.85,58.95,0.7613
30984737,0.9042,2100,2.15,58.95,0.7910
31034737,0.8716,2100,2.46,58.95,0.9501
31084737,0.8065,2100,2.76,54.74,0.7550
31134737,0.5460,2100,3.06,58.95,0.8284
31184737,0.7414,2100,3.36,58.95,0.7196
31234737,0.8716,2100,3.66,58.95,0.8917
31284737,0.6762,2100,3.96,54.74,0.7044
31334737,1.0018,2100,4.27,58.95,0.8986
31384737,0.6762,2100,4.57,58.95,0.6346
31434737,1.2135,2100,4.87,58.95,0.9486
31484737,0.4483,2100,5.17,54.74,0.6385
31534737,1.0344,2100,5.48,58.95,0.8847
31584737,0.5460,2100,5.78,54.74,0.7141
31634737,1.0670,2100,6.08,58.95,0.8711
31684737,0.5134,2100,0.10,54.74,0.7581
31734737,0.9693,2100,0.40,58.95,0.7943
31784737,0.4809,2100,0.70,54.74,0.6968
31834737,1.0670,2100,1.01,58.95,0.8237
31884737,0.7576,2100,1.31,54.74,0.8736
31934737,0.7414,2100,1.61,58.95,0.7043
31984737,0.5948,2100,1.91,54.74,0.8097
32034737,0.8553,2100,2.21,58.95,0.7321
32084737,0.8228,2100,2.52,58.95,0.9813
32134737,0.7088,2100,2.82,58.95,0.6879
32184737,0.7251,2100,3.12,54.74,0.7738
32234737,0.6600,2100,3.42,58.95,0.6112
32284737,0.4158,1400,3.67,42.11,0.3259
32334737,0.7739,1400,3.87,33.68,0.6475
32384737,0.5460,1400,4.07,37.89,0.4705
32434737,0.2692,1400,4.26,37.89,0.4337
32484737,0.4483,1400,4.45,37.89,0.6450
32534737,0.8065,1400,4.65,37.89,0.7136
32584737,0.6437,1400,4.85,37.89,0.5710
32634737,0.5623,1400,5.04,37.89,0.5239
32684737,0.3995,1400,5.23,33.68,0.5368
32734737,0.5297,1400,5.43,33.68,0.6469
32784737,0.8390,1400,5.63,37.89,0.7826
32834737,0.8390,1400,5.82,37.89,0.7304
32884737,0.6437,1400,6.01,37.89,0.5251
32934737,0.3832,1400,6.21,37.89,0.4325
32984737,0.4158,1400,0.12,37.89,0.5588
33034737,0.5623,1400,0.32,37.89,0.6623
33084737,0.7088,1400,0.51,33.68,0.6375
33134737,0.5786,1400,0.71,37.89,0.4838
33184737,0.3181,1400,0.90,37.89,0.4578
33234737,0.3506,1400,1.10,37.89,0.5646
33284737,0.6925,1400,1.30,37.89,0.7763
33334737,0.7576,1400,1.49,37.89,0.7309
33384737,0.7414,1400,1.68,37.89,0.5756
33434737,0.5786,1400,1.88,37.89,0.5219
33484737,0.3832,1400,2.07,33.68,0.4724
33534737,0.5297,1400,2.27,37.89,0.6070
33584737,0.6925,1400,2.46,37.89,0.7085
33634737,0.7251,1400,2.66,37.89,0.6675
33684737,0.5460,1400,2.86,37.89,0.4499
33734737,0.3995,1400,3.05,37.89,0.5413
33784737,0.5297,1400,3.25,37.89,0.6461
33834737,0.7088,1400,3.44,33.68,0.7734
33884737,0.9042,1400,3.64,37.89,0.7842
33934737,0.8228,1400,3.83,37.89,0.5971
33984737,0.3995,1400,4.03,37.89,0.4202
34034737,0.4158,1400,4.22,37.89,0.5383
34084737,0.5134,1400,4.42,37.89,0.6618
34134737,0.8065,1400,4.61,33.68,0.7214
34184737,0.8553,1400,4.81,33.68,0.6634
34234737,0.5460,1400,5.00,37.89,0.5390
34284737,0.3181,1400,5.20,37.89,0.4781
34334737,0.5460,1400,5.39,37.89,0.6723
34384737,0.8716,1400,5.59,37.89,0.8538
34434737,0.9204,1400,5.78,37.89,0.7118
34484737,0.7088,1400,5.98,37.89,0.5841
34534737,0.3181,1400,6.17,33.68,0.4040
34584737,0.3181,1400,0.09,37.89,0.4903
34634737,0.7251,1400,0.28,37.89,0.7245
34684737,0.7902,1400,0.48,37.89,0.6982
34734737,0.7414,1400,0.67,37.89,0.6031
34784737,0.2367,700,0.82,21.05,0.2589
34834737,0.5460,700,0.90,16.84,0.4762
34884737,0.6111,700,1.00,16.84,0.5806
34934737,0.3832,700,1.08,16.84,0.5010
34984737,0.3344,700,1.18,16.84,0.3342
35034737,0.5623,700,1.27,16.84,0.4691
35084737,0.6437,700,1.35,16.84,0.6565
35134737,0.3181,700,1.45,21.05,0.4140
35184737,0.3181,700,1.53,16.84,0.3446
35234737,0.6925,700,1.62,16.84,0.6321
35284737,0.5460,700,1.72,16.84,0.6130
35334737,0.3018,700,1.80,16.84,0.3438
35384737,0.5297,700,1.89,16.84,0.4822
35434737,0.6925,700,1.98,16.84,0.6213
35484737,0.4320,700,2.07,16.84,0.5393
35534737,0.4320,700,2.16,21.05,0.3531
35584737,0.5786,700,2.25,16.84,0.4716
35634737,0.6600,700,2.34,16.84,0.6477
35684737,0.3669,700,2.43,16.84,0.4308
35734737,0.3181,700,2.52,16.84,0.3288
35784737,0.6274,700,2.61,16.84,0.5540
35834737,0.6925,700,2.70,21.05,0.6703
35884737,0.3181,700,2.79,16.84,0.3747
35934737,0.4972,700,2.88,16.84,0.4160
35984737,0.6274,700,2.97,16.84,0.5806
36034737,0.4646,700,3.06,16.84,0.6122
36084737,0.2530,700,3.15,16.84,0.3468
36134737,0.4972,700,3.24,16.84,0.3610
36184737,0.7414,700,3.33,16.84,0.6830
36234737,0.4646,700,3.42,16.84,0.5058
36284737,0.3344,700,3.51,16.84,0.4201
36334737,0.5786,700,3.60,16.84,0.5023
36384737,0.7251,700,3.69,16.84,0.6462
36434737,0.4320,700,3.78,16.84,0.4859
36484737,0.3181,700,3.87,16.84,0.3254
36534737,0.5786,700,3.96,16.84,0.5062
36584737,0.5786,700,4.05,16.84,0.6246
36634737,0.3669,700,4.14,16.84,0.3883
36684737,0.1878,700,4.22,16.84,0.2826
36734737,0.6274,700,4.32,16.84,0.5864
36784737,0.5786,700,4.40,16.84,0.5887
36834737,0.3669,700,4.49,16.84,0.3985
36884737,0.5134,700,4.58,16.84,0.4035
36934737,0.6111,700,4.67,16.84,0.6180
36984737,0.5623,700,4.76,16.84,0.5762
37034737,0.3181,700,4.85,16.84,0.4215
37084737,0.5297,700,4.94,16.84,0.4582
37134737,0.7251,700,5.03,16.84,0.6884
37184737,0.4809,700,5.12,21.05,0.5392
37234737,0.3344,700,5.21,16.84,0.3575
